name,smiles,category
Aspirin,CC(=O)OC1=CC=CC=C1C(=O)O,Anti-inflammatory
Ibuprofen,CC(C)CC1=CC=C(C=C1)C(C)C(=O)O,Anti-inflammatory
Acetaminophen,CC(=O)NC1=CC=C(C=C1)O,Analgesic
Caffeine,CN1C=NC2=C1C(=O)N(C(=O)N2C)C,Stimulant
Metformin,CN(C)C(=N)NC(=N)N,Antidiabetic
Omeprazole,CC1=CN=C(C(=C1OC)C)CS(=O)C2=NC3=C(N2)C=CC(=C3)OC,Proton pump inhibitor
Lisinopril,NCCCC[C@H](N[C@@H](CCc1ccccc1)C(=O)O)C(=O)N1CCC[C@H]1C(=O)O,ACE inhibitor
Atorvastatin,CC(C)c1c(C(=O)Nc2ccccc2)c(-c2ccc(F)cc2)c(-c2ccccc2)n1CC[C@@H](O)C[C@@H](O)CC(=O)O,Statin
Amlodipine,CCOC(=O)C1=C(C)NC(=C(C1c1ccccc1Cl)C(=O)OC)COCCN,Calcium channel blocker
Metoprolol,COCCc1ccc(OC[C@H](O)CNC(C)C)cc1,Beta blocker
Losartan,CCCCc1nc(Cl)c(n1Cc1ccc(-c2ccccc2-c2nnn[nH]2)cc1)CO,ARB
Simvastatin,CC[C@H](C)C(=O)O[C@H]1C[C@@H](O)C=C2C=C[C@H](C)[C@H](CC[C@@H]3C[C@@H](O)CC(=O)O3)[C@@H]21,Statin
Levothyroxine,N[C@@H](Cc1cc(I)c(Oc2cc(I)c(O)c(I)c2)c(I)c1)C(=O)O,Thyroid hormone
Azithromycin,CC[C@H]1OC(=O)[C@H](C)[C@@H](O[C@H]2C[C@@](C)(OC)[C@@H](O)[C@H](C)O2)[C@H](C)[C@@H](O[C@@H]2O[C@H](C)C[C@@H]([C@H]2O)N(C)C)[C@](C)(O)C[C@@H](C)CN(C)[C@H](C)[C@@H](O)[C@]1(C)O,Antibiotic
Hydrocodone,CN1CC[C@@]23c4c5ccc(O)c4O[C@H]2[C@@H](O)C=C[C@H]3[C@H]1C5,Opioid
Gabapentin,NCC1(CC(=O)O)CCCCC1,Anticonvulsant
Sertraline,CN[C@H]1CC[C@@H](c2ccc(Cl)c(Cl)c2)c2ccccc21,Antidepressant
Escitalopram,CN(C)CCC[C@]1(c2ccc(F)cc2)OCc2cc(C#N)ccc21,Antidepressant
Clopidogrel,COC(=O)[C@H](c1ccccc1Cl)N1CCc2sccc2C1,Antiplatelet
Montelukast,CC(C)(O)c1ccccc1CC[C@H](SCC1(CC(=O)O)CC1)c1cccc(-c2cccc3ccc(-c4ccc5c(C)cc(Cl)cc5n4)cc23)c1,Leukotriene antagonist
Pantoprazole,COc1ccnc(CS(=O)c2nc3cc(OC(F)F)ccc3[nH]2)c1OC,Proton pump inhibitor
Furosemide,NS(=O)(=O)c1cc(C(=O)O)c(NCc2ccco2)cc1Cl,Diuretic
Rosuvastatin,CC(C)c1nc(N(C)S(C)(=O)=O)nc(-c2ccc(F)cc2)c1\C=C\[C@@H](O)C[C@@H](O)CC(=O)O,Statin
Tramadol,COc1ccc(C2(O)CCCCC2CN(C)C)cc1,Analgesic
Alprazolam,Cc1nnc2n1-c1ccc(Cl)cc1C(c1ccccc1)=NC2,Anxiolytic
Duloxetine,CNCC[C@@H](Oc1cccc2ccccc12)c1cccs1,Antidepressant
Venlafaxine,COc1ccc(C(CN(C)C)C2(O)CCCCC2)cc1,Antidepressant
Trazodone,Clc1cccc(N2CCN(CCCN3C(=O)c4ccccc4N=C3)CC2)c1,Antidepressant
Fluoxetine,CNCCC(Oc1ccc(C(F)(F)F)cc1)c1ccccc1,Antidepressant
Paroxetine,Fc1ccc([C@H]2CCNC[C@H]2COc2ccc3OCOc3c2)cc1,Antidepressant
Cetirizine,OC(=O)COCCN1CCN(C(c2ccccc2)c2ccc(Cl)cc2)CC1,Antihistamine
Loratadine,CCOC(=O)N1CCC(=C2c3ccc(Cl)cc3CCc3cccnc32)CC1,Antihistamine
Ranitidine,CNC(NCCSCc1ccc(CN(C)C)o1)=C[N+]([O-])=O,H2 blocker
Famotidine,NC(N)=Nc1nc(CSCCC(N)=NS(N)(=O)=O)cs1,H2 blocker
Ciprofloxacin,O=C(O)c1cn(C2CC2)c2cc(N3CCNCC3)c(F)cc2c1=O,Antibiotic
Amoxicillin,CC1(C)S[C@@H]2[C@H](NC(=O)[C@H](N)c3ccc(O)cc3)C(=O)N2[C@H]1C(=O)O,Antibiotic
Doxycycline,C[C@H]1c2cccc(O)c2C(O)=C2C(=O)[C@]3(O)C(O)=C(C(N)=O)C(=O)[C@@H](N(C)C)[C@@H]3[C@@H](O)[C@@H]21,Antibiotic
Metronidazole,Cc1ncc([N+]([O-])=O)n1CCO,Antibiotic
Fluconazole,OC(Cn1cncn1)(Cn1cncn1)c1ccc(F)cc1F,Antifungal
Clonazepam,O=C1CN=C(c2ccccc2[N+]([O-])=O)c2cc(Cl)ccc2N1,Anticonvulsant
Diazepam,CN1C(=O)CN=C(c2ccccc2)c2cc(Cl)ccc21,Anxiolytic
Lorazepam,OC1N=C(c2ccccc2Cl)c2cc(Cl)ccc2NC1=O,Anxiolytic
Zolpidem,Cc1ccc2nc(-c3ccc(C)cn3)c(CC(=O)N(C)C)c(C)c2n1,Sedative
Prednisone,CC12CCC(=O)C=C1CCC1C2C(O)CC2(C)C1CCC2(O)C(=O)CO,Corticosteroid
Albuterol,CC(C)(C)NCC(O)c1ccc(O)c(CO)c1,Bronchodilator
Fluticasone,C[C@H]1C[C@H]2[C@@H]3CCC4=CC(=O)C=C[C@]4(C)[C@@]3(F)[C@@H](O)C[C@]2(C)[C@@]1(OC(=O)SCF)C(=O)SCF,Corticosteroid
Warfarin,CC(=O)CC(c1ccccc1)c1c(O)c2ccccc2oc1=O,Anticoagulant
Sildenafil,CCCc1nn(C)c2c1nc([nH]c2=O)-c1cc(S(=O)(=O)N1CCN(C)CC1)ccc1OCC,PDE5 inhibitor
Tadalafil,CN1CC(=O)N2[C@H](Cc3c([nH]c4ccccc34)[C@@H]2c2ccc3OCOc3c2)C1=O,PDE5 inhibitor
Imatinib,Cc1ccc(NC(=O)c2ccc(CN3CCN(C)CC3)cc2)cc1Nc1nccc(-c2cccnc2)n1,Anticancer
Gefitinib,COc1cc2ncnc(Nc3ccc(F)c(Cl)c3)c2cc1OCCCN1CCOCC1,Anticancer
Erlotinib,COCCOc1cc2ncnc(Nc3cccc(C#C)c3)c2cc1OCCOC,Anticancer
Sorafenib,CNC(=O)c1cc(Oc2ccc(NC(=O)Nc3ccc(Cl)c(C(F)(F)F)c3)cc2)ccn1,Anticancer
Sunitinib,CCN(CC)CCNC(=O)c1c(C)[nH]c(\C=C2/C(=O)Nc3ccc(F)cc32)c1C,Anticancer
Pazopanib,Cc1ccc(Nc2nccc(N(C)c3ccc4c(C)n(C)nc4c3)n2)cc1S(N)(=O)=O,Anticancer
Lapatinib,CS(=O)(=O)CCNCc1ccc(-c2ccc3ncnc(Nc4ccc(OCc5cccc(F)c5)c(Cl)c4)c3c2)o1,Anticancer
Tamoxifen,CC/C(=C(/c1ccccc1)c1ccc(OCCN(C)C)cc1)c1ccccc1,Anticancer
Letrozole,N#Cc1ccc(C(c2ccc(C#N)cc2)n2cncn2)cc1,Anticancer
Anastrozole,CC(C)(C#N)c1cc(Cn2cncn2)cc(C(C)(C)C#N)c1,Anticancer
Capecitabine,CCCCCCOC(=O)NC1=NC(=O)N(C=C1F)[C@@H]1O[C@H](C)[C@@H](O)[C@H]1O,Anticancer
Methotrexate,CN(Cc1cnc2nc(N)nc(N)c2n1)c1ccc(C(=O)N[C@@H](CCC(=O)O)C(=O)O)cc1,Anticancer
Doxorubicin,COc1cccc2c1C(=O)c1c(O)c3c(c(O)c1C2=O)C[C@@](O)(C(=O)CO)C[C@@H]3O[C@H]1C[C@H](N)[C@H](O)[C@H](C)O1,Anticancer
Paclitaxel,CC(=O)O[C@H]1C(=O)[C@H]2[C@H](O)C[C@H]3OC[C@@]3(OC(C)=O)[C@H]2[C@@H]2OC(=O)[C@H](O)[C@@]1(O)C2(C)C,Anticancer
Cyclophosphamide,ClCCN(CCCl)P1(=O)NCCCO1,Anticancer
Fluorouracil,Fc1c[nH]c(=O)[nH]c1=O,Anticancer
Mercaptopurine,Sc1ncnc2nc[nH]c12,Anticancer
Temozolomide,Cn1nnc2c(ncn2C)c1=O,Anticancer
Digoxin,C[C@H]1O[C@H](O[C@H]2[C@H](O)[C@@H](O[C@H]3[C@H](O)[C@@H](O[C@H]4CC[C@@]5(C)[C@H](CC[C@@H]6[C@@H]5CC[C@]5(C)[C@H](C7=CC(=O)OC7)CC[C@]65O)C4)O[C@@H]3C)O[C@@H]2C)[C@@H](O)[C@H](O)[C@@H]1O,Cardiac glycoside
Diltiazem,COc1ccc([C@H]2Sc3ccccc3N(CCN(C)C)C(=O)[C@@H]2OC(C)=O)cc1,Calcium channel blocker
Verapamil,COc1ccc(CCN(C)CCCC(C#N)(c2ccc(OC)c(OC)c2)C(C)C)cc1OC,Calcium channel blocker
Nifedipine,COC(=O)C1=C(C)NC(=C(C1c1ccccc1[N+]([O-])=O)C(=O)OC)C,Calcium channel blocker
Propranolol,CC(C)NCC(O)COc1cccc2ccccc12,Beta blocker
Atenolol,CC(C)NCC(O)COc1ccc(CC(N)=O)cc1,Beta blocker
Carvedilol,COc1ccccc1OCCNCC(O)COc1cccc2[nH]c3ccccc3c12,Beta blocker
Bisoprolol,CC(C)NCC(O)COc1ccc(COCCOC(C)C)cc1,Beta blocker
Enalapril,CCOC(=O)[C@H](CCc1ccccc1)N[C@@H](C)C(=O)N1CCC[C@H]1C(=O)O,ACE inhibitor
Ramipril,CCOC(=O)[C@H](CCc1ccccc1)N[C@@H](C)C(=O)N1[C@H]2CCC[C@H]2C[C@H]1C(=O)O,ACE inhibitor
Captopril,C[C@H](CS)C(=O)N1CCC[C@H]1C(=O)O,ACE inhibitor
Valsartan,CCCCC(=O)N(Cc1ccc(-c2ccccc2-c2nnn[nH]2)cc1)[C@@H](C(C)C)C(=O)O,ARB
Irbesartan,CCCCC1=NC2(CCCC2)C(=O)N1Cc1ccc(-c2ccccc2-c2nnn[nH]2)cc1,ARB
Candesartan,CCOc1nc2cccc(C(=O)O)c2n1Cc1ccc(-c2ccccc2-c2nnn[nH]2)cc1,ARB
Hydrochlorothiazide,NS(=O)(=O)c1cc2c(cc1Cl)NCNS2(=O)=O,Diuretic
Spironolactone,CC(=O)S[C@@H]1CC2=CC(=O)CC[C@]2(C)[C@@H]2CC[C@@]3(C)[C@@H](CC[C@]3(O)C(=O)SC)[C@H]12,Diuretic
Clopidogrel,COC(=O)[C@H](c1ccccc1Cl)N1CCc2sccc2C1,Antiplatelet
Ticagrelor,CC[C@@H](Sc1nc(N[C@H]2CC[C@H](N3CCOCC3)C2)c2nnn(SCCC(C)C)c2n1)[C@@H](O)[C@H](O)[C@H]1C=C1,Antiplatelet
Levodopa,N[C@@H](Cc1ccc(O)c(O)c1)C(=O)O,Antiparkinsonian
Carbidopa,CC(C)(N[C@@H](Cc1ccc(O)c(O)c1)C(=O)O)NN,Antiparkinsonian
Pramipexole,NCCC[C@H]1CCc2nc(N)sc2C1,Antiparkinsonian
Ropinirole,CCCN(CCC)CCC1=Cc2ccccc2NC1=O,Antiparkinsonian
Donepezil,COc1cc2CC(CC3CCN(Cc4ccccc4)CC3)C(=O)c2cc1OC,Anti-Alzheimer
Rivastigmine,CCN(C)C(=O)Oc1cccc(C(C)N(C)C)c1,Anti-Alzheimer
Memantine,CC12CC3CC(C)(C1)CC(N)(C3)C2,Anti-Alzheimer
Tacrine,Nc1c2c(nc3ccccc13)CCCC2,Anti-Alzheimer
Valproic_acid,CCCC(CCC)C(=O)O,Anticonvulsant
Lamotrigine,Nc1nnc(-c2cccc(Cl)c2Cl)c(N)n1,Anticonvulsant
Topiramate,CC1(C)O[C@@H]2CO[C@@]3(COS(N)(=O)=O)OC(C)(C)O[C@@H]3[C@@H]2O1,Anticonvulsant
Levetiracetam,CC[C@H](C(N)=O)N1CCCC1=O,Anticonvulsant
Phenytoin,O=C1NC(=O)C(c2ccccc2)(c2ccccc2)N1,Anticonvulsant
Carbamazepine,NC(=O)N1c2ccccc2C=Cc2ccccc21,Anticonvulsant
Oxcarbazepine,NC(=O)N1c2ccccc2CC(=O)c2ccccc21,Anticonvulsant
Pregabalin,CC(C)C[C@H](CN)CC(=O)O,Anticonvulsant
Risperidone,Cc1nc2c(C(=O)N3CCC(c4noc5cc(F)ccc45)CC3)c[nH]c2cc1,Antipsychotic
Olanzapine,Cc1cc2c(s1)Nc1ccccc1N=C2N1CCN(C)CC1,Antipsychotic
Quetiapine,OCCOCCN1CCN(C2=Nc3ccccc3Sc3ccccc32)CC1,Antipsychotic
Aripiprazole,Clc1cccc(N2CCN(CCCCOc3ccc4CCC(=O)Nc4c3)CC2)c1Cl,Antipsychotic
Ziprasidone,Clc1ccc2c(c1)c(-c1ccc(Cl)c(Cl)c1)c[nH]2,Antipsychotic
Haloperidol,OC1(c2ccc(F)cc2)CCN(CCCc2ccc(Cl)cc2)CC1,Antipsychotic
Chlorpromazine,CN(C)CCCN1c2ccccc2Sc2ccc(Cl)cc21,Antipsychotic
Amitriptyline,CN(C)CCC=C1c2ccccc2CCc2ccccc21,Antidepressant
Nortriptyline,CNCCC=C1c2ccccc2CCc2ccccc21,Antidepressant
Imipramine,CN(C)CCCN1c2ccccc2CCc2ccccc21,Antidepressant
Bupropion,CC(NC(C)(C)C)C(=O)c1cccc(Cl)c1,Antidepressant
Mirtazapine,CN1CCN2c3ccccc3Cc3cnccc3C2C1,Antidepressant
Mol_001,CC1=CC=C(C=C1)NC(=O)C2=CC=C(C=C2)Cl,Test
Mol_002,COC1=CC=C(C=C1)C(=O)NC2=CC=CC=C2,Test
Mol_003,CC(C)NC(=O)C1=CC=C(C=C1)O,Test
Mol_004,CC1=CC(=CC=C1)C(=O)NCCC2=CNC3=CC=CC=C32,Test
Mol_005,COC1=CC=C(C=C1)C2=NC(=CS2)C3=CC=CC=C3,Test
Mol_006,CC1=CC=C(C=C1)S(=O)(=O)NC2=CC=CC=C2,Test
Mol_007,CC(=O)NC1=CC=C(C=C1)C(=O)OCC,Test
Mol_008,COC1=CC=C(C=C1)OC2=CC=C(C=C2)C#N,Test
Mol_009,CC1=CC=C(C=C1)N2C=CC(=O)NC2=O,Test
Mol_010,COC1=CC(=CC=C1)C2=CC(=NO2)C3=CC=CC=C3,Test
Mol_011,Fc1ccc(C)cc1,Generated
Mol_012,Fc1ccc(CC)cc1,Generated
Mol_013,Clc1ccc(C)cc1,Generated
Mol_014,Clc1ccc(CC)cc1,Generated
Mol_015,Brc1ccc(C)cc1,Generated
Mol_016,Brc1ccc(CC)cc1,Generated
Mol_017,Fc1ccc(OC)cc1,Generated
Mol_018,Fc1ccc(O)cc1,Generated
Mol_019,Clc1ccc(OC)cc1,Generated
Mol_020,Clc1ccc(O)cc1,Generated
Mol_021,Brc1ccc(OC)cc1,Generated
Mol_022,Brc1ccc(O)cc1,Generated
Mol_023,Fc1ccc(N)cc1,Generated
Mol_024,Fc1ccc(N(C)C)cc1,Generated
Mol_025,Clc1ccc(N)cc1,Generated
Mol_026,Clc1ccc(N(C)C)cc1,Generated
Mol_027,Brc1ccc(N)cc1,Generated
Mol_028,Brc1ccc(N(C)C)cc1,Generated
Mol_029,Cc1ccc(OC)cc1,Generated
Mol_030,Cc1ccc(O)cc1,Generated
Mol_031,CCc1ccc(OC)cc1,Generated
Mol_032,CCc1ccc(O)cc1,Generated
Mol_033,Cc1ccc(N)cc1,Generated
Mol_034,Cc1ccc(N(C)C)cc1,Generated
Mol_035,CCc1ccc(N)cc1,Generated
Mol_036,CCc1ccc(N(C)C)cc1,Generated
Mol_037,Cc1ccc(C(=O)O)cc1,Generated
Mol_038,Cc1ccc(C(=O)N)cc1,Generated
Mol_039,Fc1ccc(C(=O)O)cc1,Generated
Mol_040,Clc1ccc(C(=O)O)cc1,Generated
Mol_041,OCC1=CC=C(C(=O)O)C=C1,Generated
Mol_042,FC(F)(F)c1ccc(C)cc1,Generated
Mol_043,FC(F)(F)c1ccc(OC)cc1,Generated
Mol_044,FC(F)(F)c1ccc(N)cc1,Generated
Mol_045,FC(F)(F)c1ccc(Cl)cc1,Generated
Mol_046,Cc1ccc([N+](=O)[O-])cc1,Generated
Mol_047,OC1=CC=C([N+](=O)[O-])C=C1,Generated
Mol_048,Nc1ccc(O)cc1,Generated
Mol_049,Nc1ccc(OC)cc1,Generated
Mol_050,COc1ccc(OC)cc1,Generated
Mol_051,COc1ccc(N(C)C)cc1,Generated
Mol_052,CC(=O)Nc1ccc(F)cc1,Generated
Mol_053,CC(=O)Nc1ccc(Cl)cc1,Generated
Mol_054,CC(=O)Nc1ccc(Br)cc1,Generated
Mol_055,CC(=O)Nc1ccc(C)cc1,Generated
Mol_056,CC(=O)Nc1ccc(CC)cc1,Generated
Mol_057,CC(=O)Nc1ccc(OC)cc1,Generated
Mol_058,CC(=O)Nc1ccc(C(=O)O)cc1,Generated
Mol_059,CC(=O)Nc1ccc(C(=O)N)cc1,Generated
Mol_060,CC(=O)Nc1ccc(N)cc1,Generated
Mol_061,CC(=O)Nc1ccc(O)cc1,Generated
Mol_062,CC(=O)Nc1ccc(C(F)(F)F)cc1,Generated
Mol_063,CC(=O)Nc1ccc(N(C)C)cc1,Generated
Mol_064,CC(=O)Nc1ccc([N+](=O)[O-])cc1,Generated
Mol_065,CC(=O)Nc1ccc(SC)cc1,Generated
Mol_066,CC(=O)Nc1ccc(OCC)cc1,Generated
Mol_067,Nc1ccc(F)c(C)c1,Generated
Mol_068,Nc1ccc(Cl)c(C)c1,Generated
Mol_069,Nc1ccc(Br)c(C)c1,Generated
Mol_070,Nc1ccc(C)c(C)c1,Generated
Mol_071,Nc1ccc(CC)c(C)c1,Generated
Mol_072,Nc1ccc(OC)c(C)c1,Generated
Mol_073,Nc1ccc(C(=O)O)c(C)c1,Generated
Mol_074,Nc1ccc(C(=O)N)c(C)c1,Generated
Mol_075,Nc1ccc(N)c(C)c1,Generated
Mol_076,Nc1ccc(O)c(C)c1,Generated
Mol_077,Nc1ccc(C(F)(F)F)c(C)c1,Generated
Mol_078,Nc1ccc(N(C)C)c(C)c1,Generated
Mol_079,Nc1ccc([N+](=O)[O-])c(C)c1,Generated
Mol_080,Nc1ccc(SC)c(C)c1,Generated
Mol_081,Nc1ccc(OCC)c(C)c1,Generated
Mol_082,COc1ccc(F)cc1OC,Generated
Mol_083,COc1ccc(Cl)cc1OC,Generated
Mol_084,COc1ccc(Br)cc1OC,Generated
Mol_085,COc1ccc(C)cc1OC,Generated
Mol_086,COc1ccc(CC)cc1OC,Generated
Mol_087,COc1ccc(OC)cc1OC,Generated
Mol_088,COc1ccc(C(=O)O)cc1OC,Generated
Mol_089,COc1ccc(C(=O)N)cc1OC,Generated
Mol_090,COc1ccc(N)cc1OC,Generated
Mol_091,COc1ccc(O)cc1OC,Generated
Mol_092,COc1ccc(C(F)(F)F)cc1OC,Generated
Mol_093,COc1ccc(N(C)C)cc1OC,Generated
Mol_094,COc1ccc([N+](=O)[O-])cc1OC,Generated
Mol_095,COc1ccc(SC)cc1OC,Generated
Mol_096,COc1ccc(OCC)cc1OC,Generated
Mol_097,Cc1cc(F)ccc1N,Generated
Mol_098,Cc1cc(Cl)ccc1N,Generated
Mol_099,Cc1cc(Br)ccc1N,Generated
Mol_100,Cc1cc(C)ccc1N,Generated
Mol_101,Cc1cc(CC)ccc1N,Generated
Mol_102,Cc1cc(OC)ccc1N,Generated
Mol_103,Cc1cc(C(=O)O)ccc1N,Generated
Mol_104,Cc1cc(C(=O)N)ccc1N,Generated
Mol_105,Cc1cc(N)ccc1N,Generated
Mol_106,Cc1cc(O)ccc1N,Generated
Mol_107,Cc1cc(C(F)(F)F)ccc1N,Generated
Mol_108,Cc1cc(N(C)C)ccc1N,Generated
Mol_109,Cc1cc([N+](=O)[O-])ccc1N,Generated
Mol_110,Cc1cc(SC)ccc1N,Generated
Mol_111,Cc1cc(OCC)ccc1N,Generated
Mol_112,CC1=CC=C(F)C=C1,Generated
Mol_113,CC1=CC=C(Cl)C=C1,Generated
Mol_114,CC1=CC=C(Br)C=C1,Generated
Mol_115,CC1=CC=C(C)C=C1,Generated
Mol_116,CC1=CC=C(CC)C=C1,Generated
Mol_117,CC1=CC=C(OC)C=C1,Generated
Mol_118,CC1=CC=C(C(=O)O)C=C1,Generated
Mol_119,CC1=CC=C(C(=O)N)C=C1,Generated
Mol_120,CC1=CC=C(N)C=C1,Generated
Mol_121,CC1=CC=C(O)C=C1,Generated
Mol_122,CC1=CC=C(C(F)(F)F)C=C1,Generated
Mol_123,CC1=CC=C(N(C)C)C=C1,Generated
Mol_124,CC1=CC=C([N+](=O)[O-])C=C1,Generated
Mol_125,CC1=CC=C(SC)C=C1,Generated
Mol_126,CC1=CC=C(OCC)C=C1,Generated
Mol_127,OC1=CC=C(F)C=C1,Generated
Mol_128,OC1=CC=C(Cl)C=C1,Generated
Mol_129,OC1=CC=C(Br)C=C1,Generated
Mol_130,OC1=CC=C(C)C=C1,Generated
Mol_131,OC1=CC=C(CC)C=C1,Generated
Mol_132,OC1=CC=C(OC)C=C1,Generated
Mol_133,OC1=CC=C(C(=O)O)C=C1,Generated
Mol_134,OC1=CC=C(C(=O)N)C=C1,Generated
Mol_135,OC1=CC=C(N)C=C1,Generated
Mol_136,OC1=CC=C(O)C=C1,Generated
Mol_137,OC1=CC=C(C(F)(F)F)C=C1,Generated
Mol_138,OC1=CC=C(N(C)C)C=C1,Generated
Mol_139,OC1=CC=C([N+](=O)[O-])C=C1,Generated
Mol_140,OC1=CC=C(SC)C=C1,Generated
Mol_141,OC1=CC=C(OCC)C=C1,Generated
Mol_142,NC1=CC=C(F)C=C1,Generated
Mol_143,NC1=CC=C(Cl)C=C1,Generated
Mol_144,NC1=CC=C(Br)C=C1,Generated
Mol_145,NC1=CC=C(C)C=C1,Generated
Mol_146,NC1=CC=C(CC)C=C1,Generated
Mol_147,NC1=CC=C(OC)C=C1,Generated
Mol_148,NC1=CC=C(C(=O)O)C=C1,Generated
Mol_149,NC1=CC=C(C(=O)N)C=C1,Generated
Mol_150,NC1=CC=C(N)C=C1,Generated
Mol_151,NC1=CC=C(O)C=C1,Generated
Mol_152,NC1=CC=C(C(F)(F)F)C=C1,Generated
Mol_153,NC1=CC=C(N(C)C)C=C1,Generated
Mol_154,NC1=CC=C([N+](=O)[O-])C=C1,Generated
Mol_155,NC1=CC=C(SC)C=C1,Generated
Mol_156,NC1=CC=C(OCC)C=C1,Generated
Mol_157,ClC1=CC=C(F)C=C1,Generated
Mol_158,ClC1=CC=C(Cl)C=C1,Generated
Mol_159,ClC1=CC=C(Br)C=C1,Generated
Mol_160,ClC1=CC=C(C)C=C1,Generated
Mol_161,ClC1=CC=C(CC)C=C1,Generated
Mol_162,ClC1=CC=C(OC)C=C1,Generated
Mol_163,ClC1=CC=C(C(=O)O)C=C1,Generated
Mol_164,ClC1=CC=C(C(=O)N)C=C1,Generated
Mol_165,ClC1=CC=C(N)C=C1,Generated
Mol_166,ClC1=CC=C(O)C=C1,Generated
Mol_167,ClC1=CC=C(C(F)(F)F)C=C1,Generated
Mol_168,ClC1=CC=C(N(C)C)C=C1,Generated
Mol_169,ClC1=CC=C([N+](=O)[O-])C=C1,Generated
Mol_170,ClC1=CC=C(SC)C=C1,Generated
Mol_171,ClC1=CC=C(OCC)C=C1,Generated
Mol_172,FC1=CC=C(F)C=C1,Generated
Mol_173,FC1=CC=C(Cl)C=C1,Generated
Mol_174,FC1=CC=C(Br)C=C1,Generated
Mol_175,FC1=CC=C(C)C=C1,Generated
Mol_176,FC1=CC=C(CC)C=C1,Generated
Mol_177,FC1=CC=C(OC)C=C1,Generated
Mol_178,FC1=CC=C(C(=O)O)C=C1,Generated
Mol_179,FC1=CC=C(C(=O)N)C=C1,Generated
Mol_180,FC1=CC=C(N)C=C1,Generated
Mol_181,FC1=CC=C(O)C=C1,Generated
Mol_182,FC1=CC=C(C(F)(F)F)C=C1,Generated
Mol_183,FC1=CC=C(N(C)C)C=C1,Generated
Mol_184,FC1=CC=C([N+](=O)[O-])C=C1,Generated
Mol_185,FC1=CC=C(SC)C=C1,Generated
Mol_186,FC1=CC=C(OCC)C=C1,Generated
Mol_187,BrC1=CC=C(F)C=C1,Generated
Mol_188,BrC1=CC=C(Cl)C=C1,Generated
Mol_189,BrC1=CC=C(Br)C=C1,Generated
Mol_190,BrC1=CC=C(C)C=C1,Generated
Mol_191,BrC1=CC=C(CC)C=C1,Generated
Mol_192,BrC1=CC=C(OC)C=C1,Generated
Mol_193,BrC1=CC=C(C(=O)O)C=C1,Generated
Mol_194,BrC1=CC=C(C(=O)N)C=C1,Generated
Mol_195,BrC1=CC=C(N)C=C1,Generated
Mol_196,BrC1=CC=C(O)C=C1,Generated
Mol_197,BrC1=CC=C(C(F)(F)F)C=C1,Generated
Mol_198,BrC1=CC=C(N(C)C)C=C1,Generated
Mol_199,BrC1=CC=C([N+](=O)[O-])C=C1,Generated
Mol_200,BrC1=CC=C(SC)C=C1,Generated
Mol_201,BrC1=CC=C(OCC)C=C1,Generated
Mol_202,CC(C)Nc1ccc(F)cc1,Generated
Mol_203,CC(C)Nc1ccc(Cl)cc1,Generated
Mol_204,CC(C)Nc1ccc(Br)cc1,Generated
Mol_205,CC(C)Nc1ccc(C)cc1,Generated
Mol_206,CC(C)Nc1ccc(CC)cc1,Generated
Mol_207,CC(C)Nc1ccc(OC)cc1,Generated
Mol_208,CC(C)Nc1ccc(C(=O)O)cc1,Generated
Mol_209,CC(C)Nc1ccc(C(=O)N)cc1,Generated
Mol_210,CC(C)Nc1ccc(N)cc1,Generated
Mol_211,CC(C)Nc1ccc(O)cc1,Generated
Mol_212,CC(C)Nc1ccc(C(F)(F)F)cc1,Generated
Mol_213,CC(C)Nc1ccc(N(C)C)cc1,Generated
Mol_214,CC(C)Nc1ccc([N+](=O)[O-])cc1,Generated
Mol_215,CC(C)Nc1ccc(SC)cc1,Generated
Mol_216,CC(C)Nc1ccc(OCC)cc1,Generated
Mol_217,CCOC(=O)c1ccc(F)cc1,Generated
Mol_218,CCOC(=O)c1ccc(Cl)cc1,Generated
Mol_219,CCOC(=O)c1ccc(Br)cc1,Generated
Mol_220,CCOC(=O)c1ccc(C)cc1,Generated
Mol_221,CCOC(=O)c1ccc(CC)cc1,Generated
Mol_222,CCOC(=O)c1ccc(OC)cc1,Generated
Mol_223,CCOC(=O)c1ccc(C(=O)O)cc1,Generated
Mol_224,CCOC(=O)c1ccc(C(=O)N)cc1,Generated
Mol_225,CCOC(=O)c1ccc(N)cc1,Generated
Mol_226,CCOC(=O)c1ccc(O)cc1,Generated
Mol_227,CCOC(=O)c1ccc(C(F)(F)F)cc1,Generated
Mol_228,CCOC(=O)c1ccc(N(C)C)cc1,Generated
Mol_229,CCOC(=O)c1ccc([N+](=O)[O-])cc1,Generated
Mol_230,CCOC(=O)c1ccc(SC)cc1,Generated
Mol_231,CCOC(=O)c1ccc(OCC)cc1,Generated
Mol_232,CC(=O)c1ccc(F)cc1,Generated
Mol_233,CC(=O)c1ccc(Cl)cc1,Generated
Mol_234,CC(=O)c1ccc(Br)cc1,Generated
Mol_235,CC(=O)c1ccc(C)cc1,Generated
Mol_236,CC(=O)c1ccc(CC)cc1,Generated
Mol_237,CC(=O)c1ccc(OC)cc1,Generated
Mol_238,CC(=O)c1ccc(C(=O)O)cc1,Generated
Mol_239,CC(=O)c1ccc(C(=O)N)cc1,Generated
Mol_240,CC(=O)c1ccc(N)cc1,Generated
Mol_241,CC(=O)c1ccc(O)cc1,Generated
Mol_242,CC(=O)c1ccc(C(F)(F)F)cc1,Generated
Mol_243,CC(=O)c1ccc(N(C)C)cc1,Generated
Mol_244,CC(=O)c1ccc([N+](=O)[O-])cc1,Generated
Mol_245,CC(=O)c1ccc(SC)cc1,Generated
Mol_246,CC(=O)c1ccc(OCC)cc1,Generated
Mol_247,Cc1ccc(F)cc1C,Generated
Mol_248,Cc1ccc(Cl)cc1C,Generated
Mol_249,Cc1ccc(Br)cc1C,Generated
Mol_250,Cc1ccc(C)cc1C,Generated
Mol_251,Cc1ccc(CC)cc1C,Generated
Mol_252,Cc1ccc(OC)cc1C,Generated
Mol_253,Cc1ccc(C(=O)O)cc1C,Generated
Mol_254,Cc1ccc(C(=O)N)cc1C,Generated
Mol_255,Cc1ccc(N)cc1C,Generated
Mol_256,Cc1ccc(O)cc1C,Generated
Mol_257,Cc1ccc(C(F)(F)F)cc1C,Generated
Mol_258,Cc1ccc(N(C)C)cc1C,Generated
Mol_259,Cc1ccc([N+](=O)[O-])cc1C,Generated
Mol_260,Cc1ccc(SC)cc1C,Generated
Mol_261,Cc1ccc(OCC)cc1C,Generated
Mol_262,COc1cc(F)ccc1O,Generated
Mol_263,COc1cc(Cl)ccc1O,Generated
Mol_264,COc1cc(Br)ccc1O,Generated
Mol_265,COc1cc(C)ccc1O,Generated
Mol_266,COc1cc(CC)ccc1O,Generated
Mol_267,COc1cc(OC)ccc1O,Generated
Mol_268,COc1cc(C(=O)O)ccc1O,Generated
Mol_269,COc1cc(C(=O)N)ccc1O,Generated
Mol_270,COc1cc(N)ccc1O,Generated
Mol_271,COc1cc(O)ccc1O,Generated
Mol_272,COc1cc(C(F)(F)F)ccc1O,Generated
Mol_273,COc1cc(N(C)C)ccc1O,Generated
Mol_274,COc1cc([N+](=O)[O-])ccc1O,Generated
Mol_275,COc1cc(SC)ccc1O,Generated
Mol_276,COc1cc(OCC)ccc1O,Generated
Mol_277,Nc1ccc(F)cc1N,Generated
Mol_278,Nc1ccc(Cl)cc1N,Generated
Mol_279,Nc1ccc(Br)cc1N,Generated
Mol_280,Nc1ccc(C)cc1N,Generated
Mol_281,Nc1ccc(CC)cc1N,Generated
Mol_282,Nc1ccc(OC)cc1N,Generated
Mol_283,Nc1ccc(C(=O)O)cc1N,Generated
Mol_284,Nc1ccc(C(=O)N)cc1N,Generated
Mol_285,Nc1ccc(N)cc1N,Generated
Mol_286,Nc1ccc(O)cc1N,Generated
Mol_287,Nc1ccc(C(F)(F)F)cc1N,Generated
Mol_288,Nc1ccc(N(C)C)cc1N,Generated
Mol_289,Nc1ccc([N+](=O)[O-])cc1N,Generated
Mol_290,Nc1ccc(SC)cc1N,Generated
Mol_291,Nc1ccc(OCC)cc1N,Generated
Mol_292,C1CCN(c2ccc(F)cc2)CC1,Generated
Mol_293,C1CCN(c2ccc(Cl)cc2)CC1,Generated
Mol_294,C1CCN(c2ccc(Br)cc2)CC1,Generated
Mol_295,C1CCN(c2ccc(C)cc2)CC1,Generated
Mol_296,C1CCN(c2ccc(CC)cc2)CC1,Generated
Mol_297,C1CCN(c2ccc(OC)cc2)CC1,Generated
Mol_298,C1CCN(c2ccc(C(=O)O)cc2)CC1,Generated
Mol_299,C1CCN(c2ccc(C(=O)N)cc2)CC1,Generated
Mol_300,C1CCN(c2ccc(N)cc2)CC1,Generated
Mol_301,C1CCN(c2ccc(O)cc2)CC1,Generated
Mol_302,C1CCN(c2ccc(C(F)(F)F)cc2)CC1,Generated
Mol_303,C1CCN(c2ccc(N(C)C)cc2)CC1,Generated
Mol_304,C1CCN(c2ccc([N+](=O)[O-])cc2)CC1,Generated
Mol_305,C1CCN(c2ccc(SC)cc2)CC1,Generated
Mol_306,C1CCN(c2ccc(OCC)cc2)CC1,Generated
Mol_307,c1ccc(Nc2ccc(F)cc2)cc1,Generated
Mol_308,c1ccc(Nc2ccc(Cl)cc2)cc1,Generated
Mol_309,c1ccc(Nc2ccc(Br)cc2)cc1,Generated
Mol_310,c1ccc(Nc2ccc(C)cc2)cc1,Generated
Mol_311,c1ccc(Nc2ccc(CC)cc2)cc1,Generated
Mol_312,c1ccc(Nc2ccc(OC)cc2)cc1,Generated
Mol_313,c1ccc(Nc2ccc(C(=O)O)cc2)cc1,Generated
Mol_314,c1ccc(Nc2ccc(C(=O)N)cc2)cc1,Generated
Mol_315,c1ccc(Nc2ccc(N)cc2)cc1,Generated
Mol_316,c1ccc(Nc2ccc(O)cc2)cc1,Generated
Mol_317,c1ccc(Nc2ccc(C(F)(F)F)cc2)cc1,Generated
Mol_318,c1ccc(Nc2ccc(N(C)C)cc2)cc1,Generated
Mol_319,c1ccc(Nc2ccc([N+](=O)[O-])cc2)cc1,Generated
Mol_320,c1ccc(Nc2ccc(SC)cc2)cc1,Generated
Mol_321,c1ccc(Nc2ccc(OCC)cc2)cc1,Generated
Mol_322,CC1=NC(F)=CS1,Generated
Mol_323,CC1=NC(Cl)=CS1,Generated
Mol_324,CC1=NC(Br)=CS1,Generated
Mol_325,CC1=NC(C)=CS1,Generated
Mol_326,CC1=NC(CC)=CS1,Generated
Mol_327,CC1=NC(OC)=CS1,Generated
Mol_328,CC1=NC(C(=O)O)=CS1,Generated
Mol_329,CC1=NC(C(=O)N)=CS1,Generated
Mol_330,CC1=NC(N)=CS1,Generated
Mol_331,CC1=NC(O)=CS1,Generated
Mol_332,CC1=NC(C(F)(F)F)=CS1,Generated
Mol_333,CC1=NC(N(C)C)=CS1,Generated
Mol_334,CC1=NC([N+](=O)[O-])=CS1,Generated
Mol_335,CC1=NC(SC)=CS1,Generated
Mol_336,CC1=NC(OCC)=CS1,Generated
Mol_337,c1ccc(C2=NOC(F)=C2)cc1,Generated
Mol_338,c1ccc(C2=NOC(Cl)=C2)cc1,Generated
Mol_339,c1ccc(C2=NOC(Br)=C2)cc1,Generated
Mol_340,c1ccc(C2=NOC(C)=C2)cc1,Generated
Mol_341,c1ccc(C2=NOC(CC)=C2)cc1,Generated
Mol_342,c1ccc(C2=NOC(OC)=C2)cc1,Generated
Mol_343,c1ccc(C2=NOC(C(=O)O)=C2)cc1,Generated
Mol_344,c1ccc(C2=NOC(C(=O)N)=C2)cc1,Generated
Mol_345,c1ccc(C2=NOC(N)=C2)cc1,Generated
Mol_346,c1ccc(C2=NOC(O)=C2)cc1,Generated
Mol_347,c1ccc(C2=NOC(C(F)(F)F)=C2)cc1,Generated
Mol_348,c1ccc(C2=NOC(N(C)C)=C2)cc1,Generated
Mol_349,c1ccc(C2=NOC([N+](=O)[O-])=C2)cc1,Generated
Mol_350,c1ccc(C2=NOC(SC)=C2)cc1,Generated
Mol_351,c1ccc(C2=NOC(OCC)=C2)cc1,Generated
Mol_352,Cc1ncc(F)cn1,Generated
Mol_353,Cc1ncc(Cl)cn1,Generated
Mol_354,Cc1ncc(Br)cn1,Generated
Mol_355,Cc1ncc(C)cn1,Generated
Mol_356,Cc1ncc(CC)cn1,Generated
Mol_357,Cc1ncc(OC)cn1,Generated
Mol_358,Cc1ncc(C(=O)O)cn1,Generated
Mol_359,Cc1ncc(C(=O)N)cn1,Generated
Mol_360,Cc1ncc(N)cn1,Generated
Mol_361,Cc1ncc(O)cn1,Generated
Mol_362,Cc1ncc(C(F)(F)F)cn1,Generated
Mol_363,Cc1ncc(N(C)C)cn1,Generated
Mol_364,Cc1ncc([N+](=O)[O-])cn1,Generated
Mol_365,Cc1ncc(SC)cn1,Generated
Mol_366,Cc1ncc(OCC)cn1,Generated
Mol_367,c1ccc2[nH]c(F)cc2c1,Generated
Mol_368,c1ccc2[nH]c(Cl)cc2c1,Generated
Mol_369,c1ccc2[nH]c(Br)cc2c1,Generated
Mol_370,c1ccc2[nH]c(C)cc2c1,Generated
Mol_371,c1ccc2[nH]c(CC)cc2c1,Generated
Mol_372,c1ccc2[nH]c(OC)cc2c1,Generated
Mol_373,c1ccc2[nH]c(C(=O)O)cc2c1,Generated
Mol_374,c1ccc2[nH]c(C(=O)N)cc2c1,Generated
Mol_375,c1ccc2[nH]c(N)cc2c1,Generated
Mol_376,c1ccc2[nH]c(O)cc2c1,Generated
Mol_377,c1ccc2[nH]c(C(F)(F)F)cc2c1,Generated
Mol_378,c1ccc2[nH]c(N(C)C)cc2c1,Generated
Mol_379,c1ccc2[nH]c([N+](=O)[O-])cc2c1,Generated
Mol_380,c1ccc2[nH]c(SC)cc2c1,Generated
Mol_381,c1ccc2[nH]c(OCC)cc2c1,Generated
Mol_382,CC(C)(C)Nc1ccc(F)cc1,Generated
Mol_383,CC(C)(C)Nc1ccc(Cl)cc1,Generated
Mol_384,CC(C)(C)Nc1ccc(Br)cc1,Generated
Mol_385,CC(C)(C)Nc1ccc(C)cc1,Generated
Mol_386,CC(C)(C)Nc1ccc(CC)cc1,Generated
Mol_387,CC(C)(C)Nc1ccc(OC)cc1,Generated
Mol_388,CC(C)(C)Nc1ccc(C(=O)O)cc1,Generated
Mol_389,CC(C)(C)Nc1ccc(C(=O)N)cc1,Generated
Mol_390,CC(C)(C)Nc1ccc(N)cc1,Generated
Mol_391,CC(C)(C)Nc1ccc(O)cc1,Generated
Mol_392,CC(C)(C)Nc1ccc(C(F)(F)F)cc1,Generated
Mol_393,CC(C)(C)Nc1ccc(N(C)C)cc1,Generated
Mol_394,CC(C)(C)Nc1ccc([N+](=O)[O-])cc1,Generated
Mol_395,CC(C)(C)Nc1ccc(SC)cc1,Generated
Mol_396,CC(C)(C)Nc1ccc(OCC)cc1,Generated
Mol_397,CCCNC(=O)c1ccc(F)cc1,Generated
Mol_398,CCCNC(=O)c1ccc(Cl)cc1,Generated
Mol_399,CCCNC(=O)c1ccc(Br)cc1,Generated
Mol_400,CCCNC(=O)c1ccc(C)cc1,Generated
Mol_401,CCCNC(=O)c1ccc(CC)cc1,Generated
Mol_402,CCCNC(=O)c1ccc(OC)cc1,Generated
Mol_403,CCCNC(=O)c1ccc(C(=O)O)cc1,Generated
Mol_404,CCCNC(=O)c1ccc(C(=O)N)cc1,Generated
Mol_405,CCCNC(=O)c1ccc(N)cc1,Generated
Mol_406,CCCNC(=O)c1ccc(O)cc1,Generated
Mol_407,CCCNC(=O)c1ccc(C(F)(F)F)cc1,Generated
Mol_408,CCCNC(=O)c1ccc(N(C)C)cc1,Generated
Mol_409,CCCNC(=O)c1ccc([N+](=O)[O-])cc1,Generated
Mol_410,CCCNC(=O)c1ccc(SC)cc1,Generated
Mol_411,CCCNC(=O)c1ccc(OCC)cc1,Generated
Mol_412,CC(C)OC(=O)c1ccc(F)cc1,Generated
Mol_413,CC(C)OC(=O)c1ccc(Cl)cc1,Generated
Mol_414,CC(C)OC(=O)c1ccc(Br)cc1,Generated
Mol_415,CC(C)OC(=O)c1ccc(C)cc1,Generated
Mol_416,CC(C)OC(=O)c1ccc(CC)cc1,Generated
Mol_417,CC(C)OC(=O)c1ccc(OC)cc1,Generated
Mol_418,CC(C)OC(=O)c1ccc(C(=O)O)cc1,Generated
Mol_419,CC(C)OC(=O)c1ccc(C(=O)N)cc1,Generated
Mol_420,CC(C)OC(=O)c1ccc(N)cc1,Generated
Mol_421,CC(C)OC(=O)c1ccc(O)cc1,Generated
Mol_422,CC(C)OC(=O)c1ccc(C(F)(F)F)cc1,Generated
Mol_423,CC(C)OC(=O)c1ccc(N(C)C)cc1,Generated
Mol_424,CC(C)OC(=O)c1ccc([N+](=O)[O-])cc1,Generated
Mol_425,CC(C)OC(=O)c1ccc(SC)cc1,Generated
Mol_426,CC(C)OC(=O)c1ccc(OCC)cc1,Generated
Mol_427,CSc1ccc(F)cc1,Generated
Mol_428,CSc1ccc(Cl)cc1,Generated
Mol_429,CSc1ccc(Br)cc1,Generated
Mol_430,CSc1ccc(C)cc1,Generated
Mol_431,CSc1ccc(CC)cc1,Generated
Mol_432,CSc1ccc(OC)cc1,Generated
Mol_433,CSc1ccc(C(=O)O)cc1,Generated
Mol_434,CSc1ccc(C(=O)N)cc1,Generated
Mol_435,CSc1ccc(N)cc1,Generated
Mol_436,CSc1ccc(O)cc1,Generated
Mol_437,CSc1ccc(C(F)(F)F)cc1,Generated
Mol_438,CSc1ccc(N(C)C)cc1,Generated
Mol_439,CSc1ccc([N+](=O)[O-])cc1,Generated
Mol_440,CSc1ccc(SC)cc1,Generated
Mol_441,CSc1ccc(OCC)cc1,Generated
Mol_442,CCOc1ccc(F)cc1,Generated
Mol_443,CCOc1ccc(Cl)cc1,Generated
Mol_444,CCOc1ccc(Br)cc1,Generated
Mol_445,CCOc1ccc(C)cc1,Generated
Mol_446,CCOc1ccc(CC)cc1,Generated
Mol_447,CCOc1ccc(OC)cc1,Generated
Mol_448,CCOc1ccc(C(=O)O)cc1,Generated
Mol_449,CCOc1ccc(C(=O)N)cc1,Generated
Mol_450,CCOc1ccc(N)cc1,Generated
Mol_451,CCOc1ccc(O)cc1,Generated
Mol_452,CCOc1ccc(C(F)(F)F)cc1,Generated
Mol_453,CCOc1ccc(N(C)C)cc1,Generated
Mol_454,CCOc1ccc([N+](=O)[O-])cc1,Generated
Mol_455,CCOc1ccc(SC)cc1,Generated
Mol_456,CCOc1ccc(OCC)cc1,Generated
Mol_457,Cc1ccc(F)c(O)c1,Generated
Mol_458,Cc1ccc(Cl)c(O)c1,Generated
Mol_459,Cc1ccc(Br)c(O)c1,Generated
Mol_460,Cc1ccc(C)c(O)c1,Generated
Mol_461,Cc1ccc(CC)c(O)c1,Generated
Mol_462,Cc1ccc(OC)c(O)c1,Generated
Mol_463,Cc1ccc(C(=O)O)c(O)c1,Generated
Mol_464,Cc1ccc(C(=O)N)c(O)c1,Generated
Mol_465,Cc1ccc(N)c(O)c1,Generated
Mol_466,Cc1ccc(O)c(O)c1,Generated
Mol_467,Cc1ccc(C(F)(F)F)c(O)c1,Generated
Mol_468,Cc1ccc(N(C)C)c(O)c1,Generated
Mol_469,Cc1ccc([N+](=O)[O-])c(O)c1,Generated
Mol_470,Cc1ccc(SC)c(O)c1,Generated
Mol_471,Cc1ccc(OCC)c(O)c1,Generated
Mol_472,Nc1ncnc(F)n1,Generated
Mol_473,Nc1ncnc(Cl)n1,Generated
Mol_474,Nc1ncnc(Br)n1,Generated
Mol_475,Nc1ncnc(C)n1,Generated
Mol_476,Nc1ncnc(CC)n1,Generated
Mol_477,Nc1ncnc(OC)n1,Generated
Mol_478,Nc1ncnc(C(=O)O)n1,Generated
Mol_479,Nc1ncnc(C(=O)N)n1,Generated
Mol_480,Nc1ncnc(N)n1,Generated
Mol_481,Nc1ncnc(O)n1,Generated
Mol_482,Nc1ncnc(C(F)(F)F)n1,Generated
Mol_483,Nc1ncnc(N(C)C)n1,Generated
Mol_484,Nc1ncnc([N+](=O)[O-])n1,Generated
Mol_485,Nc1ncnc(SC)n1,Generated
Mol_486,Nc1ncnc(OCC)n1,Generated
Mol_487,c1ccc(C(=O)Nc2ccc(F)cc2)cc1,Generated
Mol_488,c1ccc(C(=O)Nc2ccc(Cl)cc2)cc1,Generated
Mol_489,c1ccc(C(=O)Nc2ccc(Br)cc2)cc1,Generated
Mol_490,c1ccc(C(=O)Nc2ccc(C)cc2)cc1,Generated
Mol_491,c1ccc(C(=O)Nc2ccc(CC)cc2)cc1,Generated
Mol_492,c1ccc(C(=O)Nc2ccc(OC)cc2)cc1,Generated
Mol_493,c1ccc(C(=O)Nc2ccc(C(=O)O)cc2)cc1,Generated
Mol_494,c1ccc(C(=O)Nc2ccc(C(=O)N)cc2)cc1,Generated
Mol_495,c1ccc(C(=O)Nc2ccc(N)cc2)cc1,Generated
Mol_496,c1ccc(C(=O)Nc2ccc(O)cc2)cc1,Generated
Mol_497,c1ccc(C(=O)Nc2ccc(C(F)(F)F)cc2)cc1,Generated
Mol_498,c1ccc(C(=O)Nc2ccc(N(C)C)cc2)cc1,Generated
Mol_499,c1ccc(C(=O)Nc2ccc([N+](=O)[O-])cc2)cc1,Generated
Mol_500,c1ccc(C(=O)Nc2ccc(SC)cc2)cc1,Generated
Mol_501,c1ccc(C(=O)Nc2ccc(OCC)cc2)cc1,Generated
Mol_502,Fc1ccc2c(c1)CC(N)C2,DrugLike
Mol_503,Clc1ccc2c(c1)CC(N)C2,DrugLike
Mol_504,Brc1ccc2c(c1)CC(N)C2,DrugLike
Mol_505,Cc1ccc2c(c1)CC(N)C2,DrugLike
Mol_506,CCc1ccc2c(c1)CC(N)C2,DrugLike
Mol_507,OCc1ccc2c(c1)CC(N)C2,DrugLike
Mol_508,C(=O)Oc1ccc2c(c1)CC(N)C2,DrugLike
Mol_509,C(=O)Nc1ccc2c(c1)CC(N)C2,DrugLike
Mol_510,Nc1ccc2c(c1)CC(N)C2,DrugLike
Mol_511,Oc1ccc2c(c1)CC(N)C2,DrugLike
Mol_512,N(C)Cc1ccc2c(c1)CC(N)C2,DrugLike
Mol_513,SCc1ccc2c(c1)CC(N)C2,DrugLike
Mol_514,OCCc1ccc2c(c1)CC(N)C2,DrugLike
Mol_515,Fc1ccc2c(c1)CCNC2,DrugLike
Mol_516,Clc1ccc2c(c1)CCNC2,DrugLike
Mol_517,Brc1ccc2c(c1)CCNC2,DrugLike
Mol_518,Cc1ccc2c(c1)CCNC2,DrugLike
Mol_519,CCc1ccc2c(c1)CCNC2,DrugLike
Mol_520,OCc1ccc2c(c1)CCNC2,DrugLike
Mol_521,C(=O)Oc1ccc2c(c1)CCNC2,DrugLike
Mol_522,C(=O)Nc1ccc2c(c1)CCNC2,DrugLike
Mol_523,Nc1ccc2c(c1)CCNC2,DrugLike
Mol_524,Oc1ccc2c(c1)CCNC2,DrugLike
Mol_525,N(C)Cc1ccc2c(c1)CCNC2,DrugLike
Mol_526,SCc1ccc2c(c1)CCNC2,DrugLike
Mol_527,OCCc1ccc2c(c1)CCNC2,DrugLike
Mol_528,F.C1CCC2(CC1)OCCO2,DrugLike
Mol_529,Cl.C1CCC2(CC1)OCCO2,DrugLike
Mol_530,Br.C1CCC2(CC1)OCCO2,DrugLike
Mol_531,C.C1CCC2(CC1)OCCO2,DrugLike
Mol_532,CC.C1CCC2(CC1)OCCO2,DrugLike
Mol_533,OC.C1CCC2(CC1)OCCO2,DrugLike
Mol_534,C(=O)O.C1CCC2(CC1)OCCO2,DrugLike
Mol_535,C(=O)N.C1CCC2(CC1)OCCO2,DrugLike
Mol_536,N.C1CCC2(CC1)OCCO2,DrugLike
Mol_537,O.C1CCC2(CC1)OCCO2,DrugLike
Mol_538,C(F)(F)F.C1CCC2(CC1)OCCO2,DrugLike
Mol_539,N(C)C.C1CCC2(CC1)OCCO2,DrugLike
Mol_540,[N+](=O)[O-].C1CCC2(CC1)OCCO2,DrugLike
Mol_541,SC.C1CCC2(CC1)OCCO2,DrugLike
Mol_542,OCC.C1CCC2(CC1)OCCO2,DrugLike
Mol_543,Fc1ccc2nc(N)sc2c1,DrugLike
Mol_544,Clc1ccc2nc(N)sc2c1,DrugLike
Mol_545,Brc1ccc2nc(N)sc2c1,DrugLike
Mol_546,Cc1ccc2nc(N)sc2c1,DrugLike
Mol_547,CCc1ccc2nc(N)sc2c1,DrugLike
Mol_548,OCc1ccc2nc(N)sc2c1,DrugLike
Mol_549,C(=O)Oc1ccc2nc(N)sc2c1,DrugLike
Mol_550,C(=O)Nc1ccc2nc(N)sc2c1,DrugLike
Mol_551,Nc1ccc2nc(N)sc2c1,DrugLike
Mol_552,Oc1ccc2nc(N)sc2c1,DrugLike
Mol_553,N(C)Cc1ccc2nc(N)sc2c1,DrugLike
Mol_554,SCc1ccc2nc(N)sc2c1,DrugLike
Mol_555,OCCc1ccc2nc(N)sc2c1,DrugLike
Mol_556,Fc1ccc2oc(C(=O)O)cc2c1,DrugLike
Mol_557,Clc1ccc2oc(C(=O)O)cc2c1,DrugLike
Mol_558,Brc1ccc2oc(C(=O)O)cc2c1,DrugLike
Mol_559,Cc1ccc2oc(C(=O)O)cc2c1,DrugLike
Mol_560,CCc1ccc2oc(C(=O)O)cc2c1,DrugLike
Mol_561,OCc1ccc2oc(C(=O)O)cc2c1,DrugLike
Mol_562,C(=O)Oc1ccc2oc(C(=O)O)cc2c1,DrugLike
Mol_563,C(=O)Nc1ccc2oc(C(=O)O)cc2c1,DrugLike
Mol_564,Nc1ccc2oc(C(=O)O)cc2c1,DrugLike
Mol_565,Oc1ccc2oc(C(=O)O)cc2c1,DrugLike
Mol_566,N(C)Cc1ccc2oc(C(=O)O)cc2c1,DrugLike
Mol_567,SCc1ccc2oc(C(=O)O)cc2c1,DrugLike
Mol_568,OCCc1ccc2oc(C(=O)O)cc2c1,DrugLike
Mol_569,Fc1ccc2[nH]c(C=O)cc2c1,DrugLike
Mol_570,Clc1ccc2[nH]c(C=O)cc2c1,DrugLike
Mol_571,Brc1ccc2[nH]c(C=O)cc2c1,DrugLike
Mol_572,Cc1ccc2[nH]c(C=O)cc2c1,DrugLike
Mol_573,CCc1ccc2[nH]c(C=O)cc2c1,DrugLike
Mol_574,OCc1ccc2[nH]c(C=O)cc2c1,DrugLike
Mol_575,C(=O)Oc1ccc2[nH]c(C=O)cc2c1,DrugLike
Mol_576,C(=O)Nc1ccc2[nH]c(C=O)cc2c1,DrugLike
Mol_577,Nc1ccc2[nH]c(C=O)cc2c1,DrugLike
Mol_578,Oc1ccc2[nH]c(C=O)cc2c1,DrugLike
Mol_579,N(C)Cc1ccc2[nH]c(C=O)cc2c1,DrugLike
Mol_580,SCc1ccc2[nH]c(C=O)cc2c1,DrugLike
Mol_581,OCCc1ccc2[nH]c(C=O)cc2c1,DrugLike
Mol_582,Fc1ccc(C2CCCCN2)cc1,DrugLike
Mol_583,Clc1ccc(C2CCCCN2)cc1,DrugLike
Mol_584,Brc1ccc(C2CCCCN2)cc1,DrugLike
Mol_585,Cc1ccc(C2CCCCN2)cc1,DrugLike
Mol_586,CCc1ccc(C2CCCCN2)cc1,DrugLike
Mol_587,OCc1ccc(C2CCCCN2)cc1,DrugLike
Mol_588,C(=O)Oc1ccc(C2CCCCN2)cc1,DrugLike
Mol_589,C(=O)Nc1ccc(C2CCCCN2)cc1,DrugLike
Mol_590,Nc1ccc(C2CCCCN2)cc1,DrugLike
Mol_591,Oc1ccc(C2CCCCN2)cc1,DrugLike
Mol_592,N(C)Cc1ccc(C2CCCCN2)cc1,DrugLike
Mol_593,SCc1ccc(C2CCCCN2)cc1,DrugLike
Mol_594,OCCc1ccc(C2CCCCN2)cc1,DrugLike
Mol_595,Fc1ccc(CN2CCOCC2)cc1,DrugLike
Mol_596,Clc1ccc(CN2CCOCC2)cc1,DrugLike
Mol_597,Brc1ccc(CN2CCOCC2)cc1,DrugLike
Mol_598,Cc1ccc(CN2CCOCC2)cc1,DrugLike
Mol_599,CCc1ccc(CN2CCOCC2)cc1,DrugLike
Mol_600,OCc1ccc(CN2CCOCC2)cc1,DrugLike
Mol_601,C(=O)Oc1ccc(CN2CCOCC2)cc1,DrugLike
Mol_602,C(=O)Nc1ccc(CN2CCOCC2)cc1,DrugLike
Mol_603,Nc1ccc(CN2CCOCC2)cc1,DrugLike
Mol_604,Oc1ccc(CN2CCOCC2)cc1,DrugLike
Mol_605,N(C)Cc1ccc(CN2CCOCC2)cc1,DrugLike
Mol_606,SCc1ccc(CN2CCOCC2)cc1,DrugLike
Mol_607,OCCc1ccc(CN2CCOCC2)cc1,DrugLike
Mol_608,F.c1cnc2ccc(O)cc2n1,DrugLike
Mol_609,Cl.c1cnc2ccc(O)cc2n1,DrugLike
Mol_610,Br.c1cnc2ccc(O)cc2n1,DrugLike
Mol_611,C.c1cnc2ccc(O)cc2n1,DrugLike
Mol_612,CC.c1cnc2ccc(O)cc2n1,DrugLike
Mol_613,OC.c1cnc2ccc(O)cc2n1,DrugLike
Mol_614,C(=O)O.c1cnc2ccc(O)cc2n1,DrugLike
Mol_615,C(=O)N.c1cnc2ccc(O)cc2n1,DrugLike
Mol_616,N.c1cnc2ccc(O)cc2n1,DrugLike
Mol_617,O.c1cnc2ccc(O)cc2n1,DrugLike
Mol_618,C(F)(F)F.c1cnc2ccc(O)cc2n1,DrugLike
Mol_619,N(C)C.c1cnc2ccc(O)cc2n1,DrugLike
Mol_620,[N+](=O)[O-].c1cnc2ccc(O)cc2n1,DrugLike
Mol_621,SC.c1cnc2ccc(O)cc2n1,DrugLike
Mol_622,OCC.c1cnc2ccc(O)cc2n1,DrugLike
Mol_623,F.CC(=O)c1cc2ccccc2[nH]1,DrugLike
Mol_624,Cl.CC(=O)c1cc2ccccc2[nH]1,DrugLike
Mol_625,Br.CC(=O)c1cc2ccccc2[nH]1,DrugLike
Mol_626,C.CC(=O)c1cc2ccccc2[nH]1,DrugLike
Mol_627,CC.CC(=O)c1cc2ccccc2[nH]1,DrugLike
Mol_628,OC.CC(=O)c1cc2ccccc2[nH]1,DrugLike
Mol_629,C(=O)O.CC(=O)c1cc2ccccc2[nH]1,DrugLike
Mol_630,C(=O)N.CC(=O)c1cc2ccccc2[nH]1,DrugLike
Mol_631,N.CC(=O)c1cc2ccccc2[nH]1,DrugLike
Mol_632,O.CC(=O)c1cc2ccccc2[nH]1,DrugLike
Mol_633,C(F)(F)F.CC(=O)c1cc2ccccc2[nH]1,DrugLike
Mol_634,N(C)C.CC(=O)c1cc2ccccc2[nH]1,DrugLike
Mol_635,[N+](=O)[O-].CC(=O)c1cc2ccccc2[nH]1,DrugLike
Mol_636,SC.CC(=O)c1cc2ccccc2[nH]1,DrugLike
Mol_637,OCC.CC(=O)c1cc2ccccc2[nH]1,DrugLike
Mol_638,c1ccc(c2ccc(F)cc2)cc1,Linked
Mol_639,c1ccc(c2ccc(Cl)cc2)cc1,Linked
Mol_640,c1ccc(c2ccc(Br)cc2)cc1,Linked
Mol_641,c1ccc(c2ccc(C)cc2)cc1,Linked
Mol_642,c1ccc(c2ccc(CC)cc2)cc1,Linked
Mol_643,c1ccc(c2ccc(OC)cc2)cc1,Linked
Mol_644,c1ccc(c2ccc(C(=O)O)cc2)cc1,Linked
Mol_645,c1ccc(c2ccc(C(=O)N)cc2)cc1,Linked
Mol_646,c1ccc(c2ccc(N)cc2)cc1,Linked
Mol_647,c1ccc(c2ccc(O)cc2)cc1,Linked
Mol_648,c1ccc(c2ccc(C(F)(F)F)cc2)cc1,Linked
Mol_649,c1ccc(c2ccc(N(C)C)cc2)cc1,Linked
Mol_650,c1ccc(c2ccc([N+](=O)[O-])cc2)cc1,Linked
Mol_651,c1ccc(c2ccc(SC)cc2)cc1,Linked
Mol_652,c1ccc(c2ccc(OCC)cc2)cc1,Linked
Mol_653,c1ccc(Cc2ccc(F)cc2)cc1,Linked
Mol_654,c1ccc(Cc2ccc(Cl)cc2)cc1,Linked
Mol_655,c1ccc(Cc2ccc(Br)cc2)cc1,Linked
Mol_656,c1ccc(Cc2ccc(C)cc2)cc1,Linked
Mol_657,c1ccc(Cc2ccc(CC)cc2)cc1,Linked
Mol_658,c1ccc(Cc2ccc(OC)cc2)cc1,Linked
Mol_659,c1ccc(Cc2ccc(C(=O)O)cc2)cc1,Linked
Mol_660,c1ccc(Cc2ccc(C(=O)N)cc2)cc1,Linked
Mol_661,c1ccc(Cc2ccc(N)cc2)cc1,Linked
Mol_662,c1ccc(Cc2ccc(O)cc2)cc1,Linked
Mol_663,c1ccc(Cc2ccc(C(F)(F)F)cc2)cc1,Linked
Mol_664,c1ccc(Cc2ccc(N(C)C)cc2)cc1,Linked
Mol_665,c1ccc(Cc2ccc([N+](=O)[O-])cc2)cc1,Linked
Mol_666,c1ccc(Cc2ccc(SC)cc2)cc1,Linked
Mol_667,c1ccc(Cc2ccc(OCC)cc2)cc1,Linked
Mol_668,c1ccc(CCc2ccc(F)cc2)cc1,Linked
Mol_669,c1ccc(CCc2ccc(Cl)cc2)cc1,Linked
Mol_670,c1ccc(CCc2ccc(Br)cc2)cc1,Linked
Mol_671,c1ccc(CCc2ccc(C)cc2)cc1,Linked
Mol_672,c1ccc(CCc2ccc(CC)cc2)cc1,Linked
Mol_673,c1ccc(CCc2ccc(OC)cc2)cc1,Linked
Mol_674,c1ccc(CCc2ccc(C(=O)O)cc2)cc1,Linked
Mol_675,c1ccc(CCc2ccc(C(=O)N)cc2)cc1,Linked
Mol_676,c1ccc(CCc2ccc(N)cc2)cc1,Linked
Mol_677,c1ccc(CCc2ccc(O)cc2)cc1,Linked
Mol_678,c1ccc(CCc2ccc(C(F)(F)F)cc2)cc1,Linked
Mol_679,c1ccc(CCc2ccc(N(C)C)cc2)cc1,Linked
Mol_680,c1ccc(CCc2ccc([N+](=O)[O-])cc2)cc1,Linked
Mol_681,c1ccc(CCc2ccc(SC)cc2)cc1,Linked
Mol_682,c1ccc(CCc2ccc(OCC)cc2)cc1,Linked
Mol_683,c1ccc(CCCc2ccc(F)cc2)cc1,Linked
Mol_684,c1ccc(CCCc2ccc(Cl)cc2)cc1,Linked
Mol_685,c1ccc(CCCc2ccc(Br)cc2)cc1,Linked
Mol_686,c1ccc(CCCc2ccc(C)cc2)cc1,Linked
Mol_687,c1ccc(CCCc2ccc(CC)cc2)cc1,Linked
Mol_688,c1ccc(CCCc2ccc(OC)cc2)cc1,Linked
Mol_689,c1ccc(CCCc2ccc(C(=O)O)cc2)cc1,Linked
Mol_690,c1ccc(CCCc2ccc(C(=O)N)cc2)cc1,Linked
Mol_691,c1ccc(CCCc2ccc(N)cc2)cc1,Linked
Mol_692,c1ccc(CCCc2ccc(O)cc2)cc1,Linked
Mol_693,c1ccc(CCCc2ccc(C(F)(F)F)cc2)cc1,Linked
Mol_694,c1ccc(CCCc2ccc(N(C)C)cc2)cc1,Linked
Mol_695,c1ccc(CCCc2ccc([N+](=O)[O-])cc2)cc1,Linked
Mol_696,c1ccc(CCCc2ccc(SC)cc2)cc1,Linked
Mol_697,c1ccc(CCCc2ccc(OCC)cc2)cc1,Linked
Mol_698,c1ccc(Oc2ccc(F)cc2)cc1,Linked
Mol_699,c1ccc(Oc2ccc(Cl)cc2)cc1,Linked
Mol_700,c1ccc(Oc2ccc(Br)cc2)cc1,Linked
Mol_701,c1ccc(Oc2ccc(C)cc2)cc1,Linked
Mol_702,c1ccc(Oc2ccc(CC)cc2)cc1,Linked
Mol_703,c1ccc(Oc2ccc(OC)cc2)cc1,Linked
Mol_704,c1ccc(Oc2ccc(C(=O)O)cc2)cc1,Linked
Mol_705,c1ccc(Oc2ccc(C(=O)N)cc2)cc1,Linked
Mol_706,c1ccc(Oc2ccc(N)cc2)cc1,Linked
Mol_707,c1ccc(Oc2ccc(O)cc2)cc1,Linked
Mol_708,c1ccc(Oc2ccc(C(F)(F)F)cc2)cc1,Linked
Mol_709,c1ccc(Oc2ccc(N(C)C)cc2)cc1,Linked
Mol_710,c1ccc(Oc2ccc([N+](=O)[O-])cc2)cc1,Linked
Mol_711,c1ccc(Oc2ccc(SC)cc2)cc1,Linked
Mol_712,c1ccc(Oc2ccc(OCC)cc2)cc1,Linked
Mol_713,c1ccc(NCc2ccc(F)cc2)cc1,Linked
Mol_714,c1ccc(NCc2ccc(Cl)cc2)cc1,Linked
Mol_715,c1ccc(NCc2ccc(Br)cc2)cc1,Linked
Mol_716,c1ccc(NCc2ccc(C)cc2)cc1,Linked
Mol_717,c1ccc(NCc2ccc(CC)cc2)cc1,Linked
Mol_718,c1ccc(NCc2ccc(OC)cc2)cc1,Linked
Mol_719,c1ccc(NCc2ccc(C(=O)O)cc2)cc1,Linked
Mol_720,c1ccc(NCc2ccc(C(=O)N)cc2)cc1,Linked
Mol_721,c1ccc(NCc2ccc(N)cc2)cc1,Linked
Mol_722,c1ccc(NCc2ccc(O)cc2)cc1,Linked
Mol_723,c1ccc(NCc2ccc(C(F)(F)F)cc2)cc1,Linked
Mol_724,c1ccc(NCc2ccc(N(C)C)cc2)cc1,Linked
Mol_725,c1ccc(NCc2ccc([N+](=O)[O-])cc2)cc1,Linked
Mol_726,c1ccc(NCc2ccc(SC)cc2)cc1,Linked
Mol_727,c1ccc(NCc2ccc(OCC)cc2)cc1,Linked
Mol_728,c1ccc(C(=O)Nc2ccc(F)cc2)cc1,Linked
Mol_729,c1ccc(C(=O)Nc2ccc(Cl)cc2)cc1,Linked
Mol_730,c1ccc(C(=O)Nc2ccc(Br)cc2)cc1,Linked
Mol_731,c1ccc(C(=O)Nc2ccc(C)cc2)cc1,Linked
Mol_732,c1ccc(C(=O)Nc2ccc(CC)cc2)cc1,Linked
Mol_733,c1ccc(C(=O)Nc2ccc(OC)cc2)cc1,Linked
Mol_734,c1ccc(C(=O)Nc2ccc(C(=O)O)cc2)cc1,Linked
Mol_735,c1ccc(C(=O)Nc2ccc(C(=O)N)cc2)cc1,Linked
Mol_736,c1ccc(C(=O)Nc2ccc(N)cc2)cc1,Linked
Mol_737,c1ccc(C(=O)Nc2ccc(O)cc2)cc1,Linked
Mol_738,c1ccc(C(=O)Nc2ccc(C(F)(F)F)cc2)cc1,Linked
Mol_739,c1ccc(C(=O)Nc2ccc(N(C)C)cc2)cc1,Linked
Mol_740,c1ccc(C(=O)Nc2ccc([N+](=O)[O-])cc2)cc1,Linked
Mol_741,c1ccc(C(=O)Nc2ccc(SC)cc2)cc1,Linked
Mol_742,c1ccc(C(=O)Nc2ccc(OCC)cc2)cc1,Linked
Mol_743,c1ccc(C(=O)Oc2ccc(F)cc2)cc1,Linked
Mol_744,c1ccc(C(=O)Oc2ccc(Cl)cc2)cc1,Linked
Mol_745,c1ccc(C(=O)Oc2ccc(Br)cc2)cc1,Linked
Mol_746,c1ccc(C(=O)Oc2ccc(C)cc2)cc1,Linked
Mol_747,c1ccc(C(=O)Oc2ccc(CC)cc2)cc1,Linked
Mol_748,c1ccc(C(=O)Oc2ccc(OC)cc2)cc1,Linked
Mol_749,c1ccc(C(=O)Oc2ccc(C(=O)O)cc2)cc1,Linked
Mol_750,c1ccc(C(=O)Oc2ccc(C(=O)N)cc2)cc1,Linked
Mol_751,c1ccc(C(=O)Oc2ccc(N)cc2)cc1,Linked
Mol_752,c1ccc(C(=O)Oc2ccc(O)cc2)cc1,Linked
Mol_753,c1ccc(C(=O)Oc2ccc(C(F)(F)F)cc2)cc1,Linked
Mol_754,c1ccc(C(=O)Oc2ccc(N(C)C)cc2)cc1,Linked
Mol_755,c1ccc(C(=O)Oc2ccc([N+](=O)[O-])cc2)cc1,Linked
Mol_756,c1ccc(C(=O)Oc2ccc(SC)cc2)cc1,Linked
Mol_757,c1ccc(C(=O)Oc2ccc(OCC)cc2)cc1,Linked
Mol_758,c1ccc(Sc2ccc(F)cc2)cc1,Linked
Mol_759,c1ccc(Sc2ccc(Cl)cc2)cc1,Linked
Mol_760,c1ccc(Sc2ccc(Br)cc2)cc1,Linked
Mol_761,c1ccc(Sc2ccc(C)cc2)cc1,Linked
Mol_762,c1ccc(Sc2ccc(CC)cc2)cc1,Linked
Mol_763,c1ccc(Sc2ccc(OC)cc2)cc1,Linked
Mol_764,c1ccc(Sc2ccc(C(=O)O)cc2)cc1,Linked
Mol_765,c1ccc(Sc2ccc(C(=O)N)cc2)cc1,Linked
Mol_766,c1ccc(Sc2ccc(N)cc2)cc1,Linked
Mol_767,c1ccc(Sc2ccc(O)cc2)cc1,Linked
Mol_768,c1ccc(Sc2ccc(C(F)(F)F)cc2)cc1,Linked
Mol_769,c1ccc(Sc2ccc(N(C)C)cc2)cc1,Linked
Mol_770,c1ccc(Sc2ccc([N+](=O)[O-])cc2)cc1,Linked
Mol_771,c1ccc(Sc2ccc(SC)cc2)cc1,Linked
Mol_772,c1ccc(Sc2ccc(OCC)cc2)cc1,Linked
Mol_773,c1ccc(NC(=O)c2ccc(F)cc2)cc1,Linked
Mol_774,c1ccc(NC(=O)c2ccc(Cl)cc2)cc1,Linked
Mol_775,c1ccc(NC(=O)c2ccc(Br)cc2)cc1,Linked
Mol_776,c1ccc(NC(=O)c2ccc(C)cc2)cc1,Linked
Mol_777,c1ccc(NC(=O)c2ccc(CC)cc2)cc1,Linked
Mol_778,c1ccc(NC(=O)c2ccc(OC)cc2)cc1,Linked
Mol_779,c1ccc(NC(=O)c2ccc(C(=O)O)cc2)cc1,Linked
Mol_780,c1ccc(NC(=O)c2ccc(C(=O)N)cc2)cc1,Linked
Mol_781,c1ccc(NC(=O)c2ccc(N)cc2)cc1,Linked
Mol_782,c1ccc(NC(=O)c2ccc(O)cc2)cc1,Linked
Mol_783,c1ccc(NC(=O)c2ccc(C(F)(F)F)cc2)cc1,Linked
Mol_784,c1ccc(NC(=O)c2ccc(N(C)C)cc2)cc1,Linked
Mol_785,c1ccc(NC(=O)c2ccc([N+](=O)[O-])cc2)cc1,Linked
Mol_786,c1ccc(NC(=O)c2ccc(SC)cc2)cc1,Linked
Mol_787,c1ccc(NC(=O)c2ccc(OCC)cc2)cc1,Linked
Mol_788,c1ccc2c(c1)CCN2C(=O)c1ccccc1,DrugLike
Mol_789,c1ccc(Cc2ccccc2)cc1,DrugLike
Mol_790,c1ccc(OCc2ccccc2)cc1,DrugLike
Mol_791,c1ccc(CCc2ccccc2)cc1,DrugLike
Mol_792,c1ccc(NCc2ccccc2)cc1,DrugLike
Mol_793,CC(=O)Nc1ccc(OC)cc1,DrugLike
Mol_794,CC(=O)Nc1ccc(C)cc1,DrugLike
Mol_795,CCOC(=O)c1ccc(N)cc1,DrugLike
Mol_796,Nc1ccc(C(=O)O)cc1,DrugLike
Mol_797,COc1ccc(C(=O)O)cc1,DrugLike
Mol_798,Oc1ccc(C(=O)O)cc1,DrugLike
Mol_799,c1ccc2nccnc2c1,DrugLike
Mol_800,c1ccc2[nH]cnc2c1,DrugLike
Mol_801,c1ccc2oc(=O)ccc2c1,DrugLike
Mol_802,c1ccc2cc3ccccc3cc2c1,DrugLike
Mol_803,C1CCC(CC1)N2CCOCC2,DrugLike
Mol_804,c1ccc(C2CCCCC2)cc1,DrugLike
Mol_805,c1ccc(C2CCNCC2)cc1,DrugLike
Mol_806,c1ccc(C2CCOCC2)cc1,DrugLike
Mol_807,c1ccc(CN2CCNCC2)cc1,DrugLike
Mol_808,CCN(CC)c1ccc(N)cc1,DrugLike
Mol_809,Cc1ccc(N)c(C)c1,DrugLike
Mol_810,Cc1cc(C)c(N)c(C)c1,DrugLike
Mol_811,COc1cc(N)ccc1OC,DrugLike
